cusip,security_type,rate,maturity_date,call_date,buy,sale,eod
912797JG3,MARKET BASED BILL,0.0,03/05/2024,,0.000000,99.985417,100.000000
912797GQ4,MARKET BASED BILL,0.0,03/07/2024,,0.000000,99.956167,99.970944
912797JH1,MARKET BASED BILL,0.0,03/12/2024,,99.883000,99.882889,99.897333
912797GX9,MARKET BASED BILL,0.0,03/14/2024,,99.853750,99.853611,99.868250
912797JJ7,MARKET BASED BILL,0.0,03/19/2024,,99.780208,99.780000,99.795056
912797LL9,MARKET BASED BILL,0.0,03/21/2024,,99.750667,99.750194,99.765333
912797JK4,MARKET BASED BILL,0.0,03/26/2024,,99.677639,99.677333,99.692000
912797GY7,MARKET BASED BILL,0.0,03/28/2024,,99.648333,99.648000,99.662667
912797JL2,MARKET BASED BILL,0.0,04/02/2024,,99.574667,99.573861,99.588556
912797GZ4,MARKET BASED BILL,0.0,04/04/2024,,99.545764,99.545333,99.559167
912797JM0,MARKET BASED BILL,0.0,04/09/2024,,99.473000,99.472000,99.486667
912797HF7,MARKET BASED BILL,0.0,04/11/2024,,99.443194,99.442667,99.457333
912797JN8,MARKET BASED BILL,0.0,04/16/2024,,99.370528,99.369333,99.382833
912796CX5,MARKET BASED BILL,0.0,04/18/2024,,99.340000,99.337500,99.352222
912797JP3,MARKET BASED BILL,0.0,04/23/2024,,99.267361,99.266667,99.281333
912797HG5,MARKET BASED BILL,0.0,04/25/2024,,99.239500,99.238778,99.252000
912797JQ1,MARKET BASED BILL,0.0,04/30/2024,,99.163208,99.162417,99.177111
912797HH3,MARKET BASED BILL,0.0,05/02/2024,,99.137125,99.136306,99.150944
912797JV0,MARKET BASED BILL,0.0,05/07/2024,,99.067556,99.066667,99.081250
912797HQ3,MARKET BASED BILL,0.0,05/09/2024,,99.038417,99.037500,99.052083
912797JW8,MARKET BASED BILL,0.0,05/14/2024,,98.971486,98.968528,98.979167
912797FH5,MARKET BASED BILL,0.0,05/16/2024,,98.937444,98.935417,98.950000
912797JX6,MARKET BASED BILL,0.0,05/21/2024,,98.866833,98.864667,98.879222
912797HR1,MARKET BASED BILL,0.0,05/23/2024,,98.837778,98.835556,98.847917
912797JY4,MARKET BASED BILL,0.0,05/28/2024,,98.767500,98.765139,98.777333
912797HS9,MARKET BASED BILL,0.0,05/30/2024,,98.737292,98.736083,98.750611
912797JZ1,MARKET BASED BILL,0.0,06/04/2024,,98.666000,98.663444,98.677972
912797HT7,MARKET BASED BILL,0.0,06/06/2024,,98.640917,98.634389,98.648917
912797KE6,MARKET BASED BILL,0.0,06/11/2024,,98.567250,98.564500,98.576278
912797FS1,MARKET BASED BILL,0.0,06/13/2024,,98.539708,98.535500,98.550000
912797KF3,MARKET BASED BILL,0.0,06/18/2024,,98.463000,98.460056,98.477500
912796ZW2,MARKET BASED BILL,0.0,06/20/2024,,98.446000,98.440000,98.454444
912797KG1,MARKET BASED BILL,0.0,06/25/2024,,98.366208,98.364639,98.376000
912796Y45,MARKET BASED BILL,0.0,06/27/2024,,98.345278,98.338889,98.353333
912796Y52,MARKET BASED BILL,0.0,07/05/2024,,98.235292,98.230167,98.237778
912797GB7,MARKET BASED BILL,0.0,07/11/2024,,98.151000,98.143833,98.158222
912797JS7,MARKET BASED BILL,0.0,07/18/2024,,98.058222,98.050667,98.061250
912797JT5,MARKET BASED BILL,0.0,07/25/2024,,97.972181,97.966222,97.972556
912797JU2,MARKET BASED BILL,0.0,08/01/2024,,97.872917,97.870833,97.880889
912797GK7,MARKET BASED BILL,0.0,08/08/2024,,97.775833,97.771472,97.777000
912797KB2,MARKET BASED BILL,0.0,08/15/2024,,97.681222,97.676667,97.677250
912797KC0,MARKET BASED BILL,0.0,08/22/2024,,97.579875,97.577500,97.586944
912797KD8,MARKET BASED BILL,0.0,08/29/2024,,97.480806,97.478333,97.487583
912797GL5,MARKET BASED BILL,0.0,09/05/2024,,97.404861,97.399722,97.403556
912797GW1,MARKET BASED BILL,0.0,10/03/2024,,97.089000,97.065333,97.079111
912797HE0,MARKET BASED BILL,0.0,10/31/2024,,96.719722,96.706333,96.713333
912797HP5,MARKET BASED BILL,0.0,11/29/2024,,96.355000,96.340000,96.346083
912796ZV4,MARKET BASED BILL,0.0,12/26/2024,,96.019375,96.007000,96.012222
912797JR9,MARKET BASED BILL,0.0,01/23/2025,,95.716319,95.702778,95.689000
912797KA4,MARKET BASED BILL,0.0,02/20/2025,,95.376681,95.371778,95.365333
91282CBR1,MARKET BASED NOTE,0.0025,03/15/2024,,0.000000,99.843750,99.843750
912828W71,MARKET BASED NOTE,0.02125,03/31/2024,,0.000000,99.750000,99.750000
91282CEG2,MARKET BASED NOTE,0.0225,03/31/2024,,0.000000,99.781250,99.750000
91282CBV2,MARKET BASED NOTE,0.00375,04/15/2024,,0.000000,99.437500,99.437500
912828X70,MARKET BASED NOTE,0.02,04/30/2024,,0.000000,99.468750,99.468750
9128286R6,MARKET BASED NOTE,0.0225,04/30/2024,,0.000000,99.531250,99.500000
91282CEK3,MARKET BASED NOTE,0.025,04/30/2024,,0.000000,99.562500,99.562500
912828WJ5,MARKET BASED NOTE,0.025,05/15/2024,,0.000000,99.437500,99.437500
91282CCC3,MARKET BASED NOTE,0.0025,05/15/2024,,0.000000,99.000000,99.000000
912828XT2,MARKET BASED NOTE,0.02,05/31/2024,,0.000000,99.187500,99.187500
91282CER8,MARKET BASED NOTE,0.025,05/31/2024,,0.000000,99.312500,99.312500
91282CCG4,MARKET BASED NOTE,0.0025,06/15/2024,,0.000000,98.593750,98.593750
912828XX3,MARKET BASED NOTE,0.02,06/30/2024,,0.000000,98.937500,98.906250
9128286Z8,MARKET BASED NOTE,0.0175,06/30/2024,,0.000000,98.843750,98.843750
91282CEX5,MARKET BASED NOTE,0.03,06/30/2024,,0.000000,99.250000,99.250000
91282CCL3,MARKET BASED NOTE,0.00375,07/15/2024,,0.000000,98.218750,98.218750
91282CFA4,MARKET BASED NOTE,0.03,07/31/2024,,0.000000,99.093750,99.062500
9128282N9,MARKET BASED NOTE,0.02125,07/31/2024,,0.000000,98.718750,98.718750
912828Y87,MARKET BASED NOTE,0.0175,07/31/2024,,0.000000,98.562500,98.562500
912828D56,MARKET BASED NOTE,0.02375,08/15/2024,,0.000000,98.718750,98.718750
91282CCT6,MARKET BASED NOTE,0.00375,08/15/2024,,0.000000,97.843750,97.843750
91282CFG1,MARKET BASED NOTE,0.0325,08/31/2024,,0.000000,99.000000,99.000000
9128282U3,MARKET BASED NOTE,0.01875,08/31/2024,,0.000000,98.343750,98.343750
912828YE4,MARKET BASED NOTE,0.0125,08/31/2024,,0.000000,98.062500,98.062500
91282CCX7,MARKET BASED NOTE,0.00375,09/15/2024,,97.484375,97.468750,97.468750
91282CFN6,MARKET BASED NOTE,0.0425,09/30/2024,,99.468750,99.437500,99.406250
912828YH7,MARKET BASED NOTE,0.015,09/30/2024,,97.937500,97.906250,97.906250
9128282Y5,MARKET BASED NOTE,0.02125,09/30/2024,,98.281250,98.250000,98.250000
91282CDB4,MARKET BASED NOTE,0.00625,10/15/2024,,97.281250,97.250000,97.250000
91282CFQ9,MARKET BASED NOTE,0.04375,10/31/2024,,99.484375,99.468750,99.437500
9128283D0,MARKET BASED NOTE,0.0225,10/31/2024,,98.125000,98.093750,98.093750
912828YM6,MARKET BASED NOTE,0.015,10/31/2024,,97.656250,97.625000,97.625000
912828G38,MARKET BASED NOTE,0.0225,11/15/2024,,98.031250,98.000000,98.000000
91282CDH1,MARKET BASED NOTE,0.0075,11/15/2024,,97.031250,96.968750,96.937500
91282CFX4,MARKET BASED NOTE,0.045,11/30/2024,,99.515625,99.500000,99.468750
9128283J7,MARKET BASED NOTE,0.02125,11/30/2024,,97.828125,97.812500,97.812500
912828YV6,MARKET BASED NOTE,0.015,11/30/2024,,97.375000,97.343750,97.343750
91282CDN8,MARKET BASED NOTE,0.01,12/15/2024,,96.875000,96.843750,96.843750
91282CGD7,MARKET BASED NOTE,0.0425,12/31/2024,,99.328125,99.312500,99.281250
912828YY0,MARKET BASED NOTE,0.0175,12/31/2024,,97.328125,97.312500,97.312500
9128283P3,MARKET BASED NOTE,0.0225,12/31/2024,,97.734375,97.718750,97.718750
91282CDS7,MARKET BASED NOTE,0.01125,01/15/2025,,96.703125,96.687500,96.656250
91282CGG0,MARKET BASED NOTE,0.04125,01/31/2025,,99.171875,99.156250,99.156250
9128283V0,MARKET BASED NOTE,0.025,01/31/2025,,97.734375,97.718750,97.718750
912828Z52,MARKET BASED NOTE,0.01375,01/31/2025,,96.765625,96.750000,96.718750
912828J27,MARKET BASED NOTE,0.02,02/15/2025,,97.187500,97.156250,97.156250
91282CDZ1,MARKET BASED NOTE,0.015,02/15/2025,,96.734375,96.718750,96.687500
91282CGN5,MARKET BASED NOTE,0.04625,02/28/2025,,99.625000,99.593750,99.593750
9128283Z1,MARKET BASED NOTE,0.0275,02/28/2025,,97.843750,97.812500,97.812500
912828ZC7,MARKET BASED NOTE,0.01125,02/28/2025,,96.312500,96.281250,96.250000
91282CED9,MARKET BASED NOTE,0.0175,03/15/2025,,96.765625,96.750000,96.718750
91282CGU9,MARKET BASED NOTE,0.03875,03/31/2025,,98.890625,98.875000,98.843750
912828ZF0,MARKET BASED NOTE,0.005,03/31/2025,,95.390625,95.375000,95.343750
9128284F4,MARKET BASED NOTE,0.02625,03/31/2025,,97.578125,97.562500,97.531250
91282CEH0,MARKET BASED NOTE,0.02625,04/15/2025,,97.500000,97.468750,97.468750
91282CGX3,MARKET BASED NOTE,0.03875,04/30/2025,,98.843750,98.812500,98.781250
9128284M9,MARKET BASED NOTE,0.02875,04/30/2025,,97.718750,97.687500,97.687500
912828ZL7,MARKET BASED NOTE,0.00375,04/30/2025,,94.953125,94.937500,94.906250
912828XB1,MARKET BASED NOTE,0.02125,05/15/2025,,96.812500,96.781250,96.750000
91282CEQ0,MARKET BASED NOTE,0.0275,05/15/2025,,97.531250,97.500000,97.500000
91282CHD6,MARKET BASED NOTE,0.0425,05/31/2025,,99.234375,99.218750,99.187500
912828ZT0,MARKET BASED NOTE,0.0025,05/31/2025,,94.468750,94.437500,94.437500
9128284R8,MARKET BASED NOTE,0.02875,05/31/2025,,97.625000,97.593750,97.562500
91282CEU1,MARKET BASED NOTE,0.02875,06/15/2025,,97.562500,97.531250,97.500000
91282CHL8,MARKET BASED NOTE,0.04625,06/30/2025,,99.734375,99.718750,99.687500
912828XZ8,MARKET BASED NOTE,0.0275,06/30/2025,,97.375000,97.343750,97.343750
912828ZW3,MARKET BASED NOTE,0.0025,06/30/2025,,94.203125,94.187500,94.156250
91282CEY3,MARKET BASED NOTE,0.03,07/15/2025,,97.625000,97.593750,97.562500
91282CHN4,MARKET BASED NOTE,0.0475,07/31/2025,,99.921875,99.906250,99.906250
912828Y79,MARKET BASED NOTE,0.02875,07/31/2025,,97.406250,97.375000,97.375000
91282CAB7,MARKET BASED NOTE,0.0025,07/31/2025,,93.875000,93.843750,93.843750
912828K74,MARKET BASED NOTE,0.02,08/15/2025,,96.156250,96.125000,96.093750
91282CFE6,MARKET BASED NOTE,0.03125,08/15/2025,,97.703125,97.687500,97.656250
91282CHV6,MARKET BASED NOTE,0.05,08/31/2025,,100.296875,100.281250,100.281250
9128284Z0,MARKET BASED NOTE,0.0275,08/31/2025,,97.093750,97.062500,97.062500
91282CAJ0,MARKET BASED NOTE,0.0025,08/31/2025,,93.578125,93.562500,93.531250
91282CFK2,MARKET BASED NOTE,0.035,09/15/2025,,98.140625,98.125000,98.093750
91282CJB8,MARKET BASED NOTE,0.05,09/30/2025,,100.359375,100.343750,100.343750
91282CAM3,MARKET BASED NOTE,0.0025,09/30/2025,,93.250000,93.218750,93.218750
9128285C0,MARKET BASED NOTE,0.03,09/30/2025,,97.375000,97.343750,97.343750
91282CFP1,MARKET BASED NOTE,0.0425,10/15/2025,,99.265625,99.250000,99.218750
91282CJE2,MARKET BASED NOTE,0.05,10/31/2025,,100.453125,100.437500,100.406250
9128285J5,MARKET BASED NOTE,0.03,10/31/2025,,97.312500,97.281250,97.250000
91282CAT8,MARKET BASED NOTE,0.0025,10/31/2025,,92.984375,92.968750,92.937500
912828M56,MARKET BASED NOTE,0.0225,11/15/2025,,96.062500,96.031250,96.000000
91282CFW6,MARKET BASED NOTE,0.045,11/15/2025,,99.687500,99.656250,99.625000
91282CJL6,MARKET BASED NOTE,0.04875,11/30/2025,,100.312500,100.312500,100.281250
9128285N6,MARKET BASED NOTE,0.02875,11/30/2025,,97.031250,97.000000,96.968750
91282CAZ4,MARKET BASED NOTE,0.00375,11/30/2025,,92.875000,92.843750,92.843750
91282CGA3,MARKET BASED NOTE,0.04,12/15/2025,,98.859375,98.843750,98.812500
91282CJS1,MARKET BASED NOTE,0.0425,12/31/2025,,99.296875,99.281250,99.281250
91282CBC4,MARKET BASED NOTE,0.00375,12/31/2025,,92.609375,92.593750,92.562500
9128285T3,MARKET BASED NOTE,0.02625,12/31/2025,,96.531250,96.500000,96.468750
91282CGE5,MARKET BASED NOTE,0.03875,01/15/2026,,98.671875,98.656250,98.625000
91282CJV4,MARKET BASED NOTE,0.0425,01/31/2026,,99.312500,99.312500,99.281250
9128286A3,MARKET BASED NOTE,0.02625,01/31/2026,,96.406250,96.375000,96.375000
91282CBH3,MARKET BASED NOTE,0.00375,01/31/2026,,92.328125,92.312500,92.281250
912828P46,MARKET BASED NOTE,0.01625,02/15/2026,,94.531250,94.500000,94.468750
91282CGL9,MARKET BASED NOTE,0.04,02/15/2026,,98.890625,98.875000,98.843750
91282CKB6,MARKET BASED NOTE,0.04625,02/28/2026,,100.062500,100.062500,100.031250
9128286F2,MARKET BASED NOTE,0.025,02/28/2026,,96.093750,96.062500,96.031250
91282CBQ3,MARKET BASED NOTE,0.005,02/28/2026,,92.312500,92.281250,92.250000
91282CGR6,MARKET BASED NOTE,0.04625,03/15/2026,,100.078125,100.062500,100.031250
91282CBT7,MARKET BASED NOTE,0.0075,03/31/2026,,92.578125,92.562500,92.531250
9128286L9,MARKET BASED NOTE,0.0225,03/31/2026,,95.500000,95.468750,95.406250
91282CGV7,MARKET BASED NOTE,0.0375,04/15/2026,,98.390625,98.375000,98.343750
9128286S4,MARKET BASED NOTE,0.02375,04/30/2026,,95.593750,95.562500,95.531250
91282CBW0,MARKET BASED NOTE,0.0075,04/30/2026,,92.296875,92.281250,92.250000
912828R36,MARKET BASED NOTE,0.01625,05/15/2026,,94.000000,93.968750,93.937500
91282CHB0,MARKET BASED NOTE,0.03625,05/15/2026,,98.125000,98.093750,98.062500
9128286X3,MARKET BASED NOTE,0.02125,05/31/2026,,94.968750,94.937500,94.906250
91282CCF6,MARKET BASED NOTE,0.0075,05/31/2026,,92.062500,92.031250,92.000000
91282CHH7,MARKET BASED NOTE,0.04125,06/15/2026,,99.187500,99.156250,99.125000
91282CCJ8,MARKET BASED NOTE,0.00875,06/30/2026,,92.156250,92.125000,92.093750
9128287B0,MARKET BASED NOTE,0.01875,06/30/2026,,94.343750,94.312500,94.281250
91282CHM6,MARKET BASED NOTE,0.045,07/15/2026,,100.031250,100.000000,99.968750
91282CCP4,MARKET BASED NOTE,0.00625,07/31/2026,,91.312500,91.281250,91.250000
912828Y95,MARKET BASED NOTE,0.01875,07/31/2026,,94.156250,94.125000,94.062500
9128282A7,MARKET BASED NOTE,0.015,08/15/2026,,93.187500,93.156250,93.125000
91282CHU8,MARKET BASED NOTE,0.04375,08/15/2026,,99.765625,99.750000,99.718750
91282CCW9,MARKET BASED NOTE,0.0075,08/31/2026,,91.359375,91.343750,91.281250
912828YD6,MARKET BASED NOTE,0.01375,08/31/2026,,92.812500,92.781250,92.750000
91282CHY0,MARKET BASED NOTE,0.04625,09/15/2026,,100.390625,100.375000,100.343750
91282CCZ2,MARKET BASED NOTE,0.00875,09/30/2026,,91.484375,91.468750,91.437500
912828YG9,MARKET BASED NOTE,0.01625,09/30/2026,,93.281250,93.250000,93.218750
91282CJC6,MARKET BASED NOTE,0.04625,10/15/2026,,100.453125,100.437500,100.406250
91282CDG3,MARKET BASED NOTE,0.01125,10/31/2026,,91.812500,91.781250,91.750000
912828YQ7,MARKET BASED NOTE,0.01625,10/31/2026,,93.062500,93.031250,92.968750
912828U24,MARKET BASED NOTE,0.02,11/15/2026,,93.906250,93.875000,93.843750
91282CJK8,MARKET BASED NOTE,0.04625,11/15/2026,,100.484375,100.468750,100.437500
91282CDK4,MARKET BASED NOTE,0.0125,11/30/2026,,91.921875,91.906250,91.875000
912828YU8,MARKET BASED NOTE,0.01625,11/30/2026,,92.906250,92.875000,92.843750
91282CJP7,MARKET BASED NOTE,0.04375,12/15/2026,,99.921875,99.906250,99.875000
91282CDQ1,MARKET BASED NOTE,0.0125,12/31/2026,,91.781250,91.750000,91.718750
912828YX2,MARKET BASED NOTE,0.0175,12/31/2026,,93.062500,93.031250,93.031250
91282CJT9,MARKET BASED NOTE,0.04,01/15/2027,,98.937500,98.937500,98.906250
912828Z78,MARKET BASED NOTE,0.015,01/31/2027,,92.203125,92.187500,92.156250
912828V98,MARKET BASED NOTE,0.0225,02/15/2027,,94.171875,94.125000,94.125000
91282CKA8,MARKET BASED NOTE,0.04125,02/15/2027,,99.296875,99.281250,99.250000
91282CEC1,MARKET BASED NOTE,0.01875,02/28/2027,,93.046875,93.031250,93.000000
912828ZB9,MARKET BASED NOTE,0.01125,02/28/2027,,91.031250,91.000000,90.968750
912828ZE3,MARKET BASED NOTE,0.00625,03/31/2027,,89.406250,89.375000,89.343750
91282CEF4,MARKET BASED NOTE,0.025,03/31/2027,,94.718750,94.687500,94.656250
91282CEN7,MARKET BASED NOTE,0.0275,04/30/2027,,95.296875,95.281250,95.250000
912828ZN3,MARKET BASED NOTE,0.005,04/30/2027,,88.750000,88.718750,88.687500
912828X88,MARKET BASED NOTE,0.02375,05/15/2027,,94.156250,94.125000,94.093750
912828ZS2,MARKET BASED NOTE,0.005,05/31/2027,,88.500000,88.468750,88.437500
91282CET4,MARKET BASED NOTE,0.02625,05/31/2027,,94.828125,94.812500,94.781250
91282CEW7,MARKET BASED NOTE,0.0325,06/30/2027,,96.671875,96.656250,96.593750
912828ZV5,MARKET BASED NOTE,0.005,06/30/2027,,88.250000,88.218750,88.187500
91282CAD3,MARKET BASED NOTE,0.00375,07/31/2027,,87.609375,87.593750,87.562500
91282CFB2,MARKET BASED NOTE,0.0275,07/31/2027,,95.015625,95.000000,94.968750
9128282R0,MARKET BASED NOTE,0.0225,08/15/2027,,93.406250,93.375000,93.343750
91282CAH4,MARKET BASED NOTE,0.005,08/31/2027,,87.765625,87.750000,87.718750
91282CFH9,MARKET BASED NOTE,0.03125,08/31/2027,,96.140625,96.125000,96.093750
91282CFM8,MARKET BASED NOTE,0.04125,09/30/2027,,99.359375,99.343750,99.312500
91282CAL5,MARKET BASED NOTE,0.00375,09/30/2027,,87.093750,87.062500,87.031250
91282CAU5,MARKET BASED NOTE,0.005,10/31/2027,,87.234375,87.218750,87.187500
91282CFU0,MARKET BASED NOTE,0.04125,10/31/2027,,99.328125,99.312500,99.281250
9128283F5,MARKET BASED NOTE,0.0225,11/15/2027,,93.031250,93.000000,92.968750
91282CAY7,MARKET BASED NOTE,0.00625,11/30/2027,,87.421875,87.406250,87.375000
91282CFZ9,MARKET BASED NOTE,0.03875,11/30/2027,,98.484375,98.468750,98.437500
91282CGC9,MARKET BASED NOTE,0.03875,12/31/2027,,98.484375,98.468750,98.437500
91282CBB6,MARKET BASED NOTE,0.00625,12/31/2027,,87.171875,87.156250,87.156250
91282CBJ9,MARKET BASED NOTE,0.0075,01/31/2028,,87.390625,87.375000,87.343750
91282CGH8,MARKET BASED NOTE,0.035,01/31/2028,,97.171875,97.156250,97.125000
9128283W8,MARKET BASED NOTE,0.0275,02/15/2028,,94.468750,94.437500,94.406250
91282CBP5,MARKET BASED NOTE,0.01125,02/29/2028,,88.531250,88.500000,88.500000
91282CGP0,MARKET BASED NOTE,0.04,02/29/2028,,98.937500,98.906250,98.875000
91282CGT2,MARKET BASED NOTE,0.03625,03/31/2028,,97.562500,97.531250,97.500000
91282CBS9,MARKET BASED NOTE,0.0125,03/31/2028,,88.796875,88.781250,88.750000
91282CBZ3,MARKET BASED NOTE,0.0125,04/30/2028,,88.609375,88.593750,88.562500
91282CHA2,MARKET BASED NOTE,0.035,04/30/2028,,97.078125,97.062500,97.031250
9128284N7,MARKET BASED NOTE,0.02875,05/15/2028,,94.671875,94.625000,94.593750
91282CCE9,MARKET BASED NOTE,0.0125,05/31/2028,,88.421875,88.406250,88.375000
91282CHE4,MARKET BASED NOTE,0.03625,05/31/2028,,97.546875,97.531250,97.500000
91282CHK0,MARKET BASED NOTE,0.04,06/30/2028,,98.984375,98.968750,98.937500
91282CCH2,MARKET BASED NOTE,0.0125,06/30/2028,,88.234375,88.218750,88.156250
91282CHQ7,MARKET BASED NOTE,0.04125,07/31/2028,,99.484375,99.468750,99.437500
91282CCR0,MARKET BASED NOTE,0.01,07/31/2028,,87.046875,87.031250,87.000000
9128284V9,MARKET BASED NOTE,0.02875,08/15/2028,,94.453125,94.406250,94.406250
91282CCV1,MARKET BASED NOTE,0.01125,08/31/2028,,87.343750,87.312500,87.281250
91282CHX2,MARKET BASED NOTE,0.04375,08/31/2028,,100.515625,100.500000,100.468750
91282CJA0,MARKET BASED NOTE,0.04625,09/30/2028,,101.546875,101.531250,101.500000
91282CCY5,MARKET BASED NOTE,0.0125,09/30/2028,,87.671875,87.656250,87.625000
91282CDF5,MARKET BASED NOTE,0.01375,10/31/2028,,88.015625,88.000000,87.968750
91282CJF9,MARKET BASED NOTE,0.04875,10/31/2028,,102.640625,102.625000,102.593750
9128285M8,MARKET BASED NOTE,0.03125,11/15/2028,,95.281250,95.250000,95.218750
91282CJN2,MARKET BASED NOTE,0.04375,11/30/2028,,100.609375,100.593750,100.593750
91282CDL2,MARKET BASED NOTE,0.015,11/30/2028,,88.359375,88.343750,88.312500
91282CDP3,MARKET BASED NOTE,0.01375,12/31/2028,,87.640625,87.625000,87.593750
91282CJR3,MARKET BASED NOTE,0.0375,12/31/2028,,97.921875,97.906250,97.906250
91282CDW8,MARKET BASED NOTE,0.0175,01/31/2029,,89.109375,89.093750,89.062500
91282CJW2,MARKET BASED NOTE,0.04,01/31/2029,,99.031250,99.031250,99.000000
9128286B1,MARKET BASED NOTE,0.02625,02/15/2029,,92.875000,92.843750,92.843750
91282CEB3,MARKET BASED NOTE,0.01875,02/28/2029,,89.515625,89.500000,89.468750
91282CKD2,MARKET BASED NOTE,0.0425,02/28/2029,,100.187500,100.187500,100.187500
91282CEE7,MARKET BASED NOTE,0.02375,03/31/2029,,91.593750,91.562500,91.531250
91282CEM9,MARKET BASED NOTE,0.02875,04/30/2029,,93.781250,93.750000,93.718750
9128286T2,MARKET BASED NOTE,0.02375,05/15/2029,,91.421875,91.375000,91.375000
91282CES6,MARKET BASED NOTE,0.0275,05/31/2029,,93.078125,93.062500,93.031250
91282CEV9,MARKET BASED NOTE,0.0325,06/30/2029,,95.328125,95.312500,95.281250
91282CFC0,MARKET BASED NOTE,0.02625,07/31/2029,,92.328125,92.312500,92.281250
912828YB0,MARKET BASED NOTE,0.01625,08/15/2029,,87.687500,87.625000,87.687500
91282CFJ5,MARKET BASED NOTE,0.03125,08/31/2029,,94.609375,94.593750,94.562500
91282CFL0,MARKET BASED NOTE,0.03875,09/30/2029,,98.203125,98.187500,98.156250
91282CFT3,MARKET BASED NOTE,0.04,10/31/2029,,98.796875,98.781250,98.781250
912828YS3,MARKET BASED NOTE,0.0175,11/15/2029,,87.921875,87.843750,87.906250
91282CFY2,MARKET BASED NOTE,0.03875,11/30/2029,,98.171875,98.156250,98.125000
91282CGB1,MARKET BASED NOTE,0.03875,12/31/2029,,98.140625,98.125000,98.093750
91282CGJ4,MARKET BASED NOTE,0.035,01/31/2030,,96.171875,96.156250,96.125000
912828Z94,MARKET BASED NOTE,0.015,02/15/2030,,85.796875,85.750000,85.750000
91282CGQ8,MARKET BASED NOTE,0.04,02/28/2030,,98.734375,98.718750,98.687500
91282CGS4,MARKET BASED NOTE,0.03625,03/31/2030,,96.734375,96.718750,96.687500
91282CGZ8,MARKET BASED NOTE,0.035,04/30/2030,,96.031250,96.000000,96.000000
912828ZQ6,MARKET BASED NOTE,0.00625,05/15/2030,,80.515625,80.468750,80.437500
91282CHF1,MARKET BASED NOTE,0.0375,05/31/2030,,97.328125,97.312500,97.281250
91282CHJ3,MARKET BASED NOTE,0.0375,06/30/2030,,97.296875,97.281250,97.250000
91282CHR5,MARKET BASED NOTE,0.04,07/31/2030,,98.671875,98.656250,98.625000
91282CAE1,MARKET BASED NOTE,0.00625,08/15/2030,,79.843750,79.812500,79.781250
91282CHW4,MARKET BASED NOTE,0.04125,08/31/2030,,99.343750,99.312500,99.312500
91282CHZ7,MARKET BASED NOTE,0.04625,09/30/2030,,102.187500,102.156250,102.156250
91282CJG7,MARKET BASED NOTE,0.04875,10/31/2030,,103.625000,103.593750,103.593750
91282CAV3,MARKET BASED NOTE,0.00875,11/15/2030,,80.734375,80.687500,80.656250
91282CJM4,MARKET BASED NOTE,0.04375,11/30/2030,,100.765625,100.750000,100.750000
91282CJQ5,MARKET BASED NOTE,0.0375,12/31/2030,,97.140625,97.125000,97.125000
91282CJX0,MARKET BASED NOTE,0.04,01/31/2031,,98.609375,98.593750,98.593750
91282CBL4,MARKET BASED NOTE,0.01125,02/15/2031,,81.781250,81.750000,81.718750
91282CKC4,MARKET BASED NOTE,0.0425,02/28/2031,,100.109375,100.093750,100.093750
91282CCB5,MARKET BASED NOTE,0.01625,05/15/2031,,84.046875,84.000000,84.000000
91282CCS8,MARKET BASED NOTE,0.0125,08/15/2031,,81.187500,81.156250,81.156250
91282CDJ7,MARKET BASED NOTE,0.01375,11/15/2031,,81.406250,81.375000,81.375000
91282CDY4,MARKET BASED NOTE,0.01875,02/15/2032,,84.187500,84.156250,84.156250
91282CEP2,MARKET BASED NOTE,0.02875,05/15/2032,,90.593750,90.562500,90.562500
91282CFF3,MARKET BASED NOTE,0.0275,08/15/2032,,89.468750,89.437500,89.437500
91282CFV8,MARKET BASED NOTE,0.04125,11/15/2032,,99.156250,99.125000,99.093750
91282CGM7,MARKET BASED NOTE,0.035,02/15/2033,,94.531250,94.500000,94.531250
91282CHC8,MARKET BASED NOTE,0.03375,05/15/2033,,93.484375,93.468750,93.468750
91282CHT1,MARKET BASED NOTE,0.03875,08/15/2033,,97.203125,97.187500,97.187500
91282CJJ1,MARKET BASED NOTE,0.045,11/15/2033,,102.078125,102.062500,102.062500
91282CJZ5,MARKET BASED NOTE,0.04,02/15/2034,,98.203125,98.187500,98.218750
912810ES3,MARKET BASED BOND,0.075,11/15/2024,,102.218750,101.968750,101.937500
912810ET1,MARKET BASED BOND,0.07625,02/15/2025,,102.937500,102.687500,102.656250
912810EV6,MARKET BASED BOND,0.06875,08/15/2025,,103.171875,102.968750,102.937500
912810EW4,MARKET BASED BOND,0.06,02/15/2026,,102.828125,102.562500,102.531250
912810EX2,MARKET BASED BOND,0.0675,08/15/2026,,105.234375,105.031250,105.062500
912810EY0,MARKET BASED BOND,0.065,11/15/2026,,105.328125,105.125000,105.125000
912810EZ7,MARKET BASED BOND,0.06625,02/15/2027,,106.375000,106.125000,106.093750
912810FA1,MARKET BASED BOND,0.06375,08/15/2027,,106.453125,106.281250,106.250000
912810FB9,MARKET BASED BOND,0.06125,11/15/2027,,106.171875,106.031250,106.031250
912810FE3,MARKET BASED BOND,0.055,08/15/2028,,105.140625,105.031250,105.000000
912810FF0,MARKET BASED BOND,0.0525,11/15/2028,,104.265625,104.156250,104.125000
912810FG8,MARKET BASED BOND,0.0525,02/15/2029,,104.562500,104.343750,104.343750
912810FJ2,MARKET BASED BOND,0.06125,08/15/2029,,109.015625,108.875000,108.906250
912810FM5,MARKET BASED BOND,0.0625,05/15/2030,,110.781250,110.625000,110.656250
912810FP8,MARKET BASED BOND,0.05375,02/15/2031,,107.390625,107.187500,107.187500
912810FT0,MARKET BASED BOND,0.045,02/15/2036,,103.734375,103.593750,103.656250
912810PT9,MARKET BASED BOND,0.0475,02/15/2037,,105.859375,105.718750,105.750000
912810PU6,MARKET BASED BOND,0.05,05/15/2037,,108.171875,108.031250,108.093750
912810PW2,MARKET BASED BOND,0.04375,02/15/2038,,101.390625,101.281250,101.312500
912810PX0,MARKET BASED BOND,0.045,05/15/2038,,102.468750,102.343750,102.406250
912810QA9,MARKET BASED BOND,0.035,02/15/2039,,91.171875,91.062500,91.125000
912810QB7,MARKET BASED BOND,0.0425,05/15/2039,,99.109375,99.031250,99.093750
912810QC5,MARKET BASED BOND,0.045,08/15/2039,,101.765625,101.718750,101.781250
912810QD3,MARKET BASED BOND,0.04375,11/15/2039,,100.140625,100.062500,100.156250
912810QE1,MARKET BASED BOND,0.04625,02/15/2040,,102.890625,102.750000,102.843750
912810QH4,MARKET BASED BOND,0.04375,05/15/2040,,99.796875,99.656250,99.750000
912810SR0,MARKET BASED BOND,0.01125,05/15/2040,,61.859375,61.781250,61.843750
912810SQ2,MARKET BASED BOND,0.01125,08/15/2040,,61.265625,61.187500,61.250000
912810QK7,MARKET BASED BOND,0.03875,08/15/2040,,93.703125,93.562500,93.656250
912810QL5,MARKET BASED BOND,0.0425,11/15/2040,,97.921875,97.843750,97.906250
912810ST6,MARKET BASED BOND,0.01375,11/15/2040,,63.656250,63.562500,63.656250
912810SW9,MARKET BASED BOND,0.01875,02/15/2041,,69.062500,69.000000,69.062500
912810QN1,MARKET BASED BOND,0.0475,02/15/2041,,103.890625,103.781250,103.875000
912810QQ4,MARKET BASED BOND,0.04375,05/15/2041,,99.109375,99.000000,99.062500
912810SY5,MARKET BASED BOND,0.0225,05/15/2041,,73.156250,73.093750,73.187500
912810TA6,MARKET BASED BOND,0.0175,08/15/2041,,66.796875,66.718750,66.781250
912810QS0,MARKET BASED BOND,0.0375,08/15/2041,,91.406250,91.343750,91.437500
912810QT8,MARKET BASED BOND,0.03125,11/15/2041,,83.421875,83.343750,83.437500
912810TC2,MARKET BASED BOND,0.02,11/15/2041,,69.406250,69.343750,69.406250
912810TF5,MARKET BASED BOND,0.02375,02/15/2042,,73.687500,73.656250,73.718750
912810QU5,MARKET BASED BOND,0.03125,02/15/2042,,83.109375,83.031250,83.093750
912810QW1,MARKET BASED BOND,0.03,05/15/2042,,81.218750,81.156250,81.250000
912810TH1,MARKET BASED BOND,0.0325,05/15/2042,,84.296875,84.250000,84.312500
912810QX9,MARKET BASED BOND,0.0275,08/15/2042,,77.968750,77.906250,77.968750
912810TK4,MARKET BASED BOND,0.03375,08/15/2042,,85.656250,85.625000,85.687500
912810TM0,MARKET BASED BOND,0.04,11/15/2042,,93.531250,93.500000,93.593750
912810QY7,MARKET BASED BOND,0.0275,11/15/2042,,77.687500,77.625000,77.687500
912810QZ4,MARKET BASED BOND,0.03125,02/15/2043,,82.250000,82.187500,82.281250
912810TQ1,MARKET BASED BOND,0.03875,02/15/2043,,91.750000,91.718750,91.812500
912810TS7,MARKET BASED BOND,0.03875,05/15/2043,,91.625000,91.593750,91.687500
912810RB6,MARKET BASED BOND,0.02875,05/15/2043,,78.890625,78.812500,78.906250
912810RC4,MARKET BASED BOND,0.03625,08/15/2043,,88.343750,88.281250,88.343750
912810TU2,MARKET BASED BOND,0.04375,08/15/2043,,98.093750,98.062500,98.187500
912810TW8,MARKET BASED BOND,0.0475,11/15/2043,,103.093750,103.062500,103.187500
912810RD2,MARKET BASED BOND,0.0375,11/15/2043,,89.843750,89.781250,89.843750
912810RE0,MARKET BASED BOND,0.03625,02/15/2044,,88.125000,88.062500,88.125000
912810TZ1,MARKET BASED BOND,0.045,02/15/2044,,100.109375,100.093750,100.218750
912810RG5,MARKET BASED BOND,0.03375,05/15/2044,,84.734375,84.656250,84.750000
912810RH3,MARKET BASED BOND,0.03125,08/15/2044,,81.312500,81.250000,81.312500
912810RJ9,MARKET BASED BOND,0.03,11/15/2044,,79.500000,79.437500,79.531250
912810RK6,MARKET BASED BOND,0.025,02/15/2045,,72.656250,72.593750,72.656250
912810RM2,MARKET BASED BOND,0.03,05/15/2045,,79.250000,79.187500,79.281250
912810RN0,MARKET BASED BOND,0.02875,08/15/2045,,77.390625,77.312500,77.406250
912810RP5,MARKET BASED BOND,0.03,11/15/2045,,78.937500,78.875000,78.937500
912810RQ3,MARKET BASED BOND,0.025,02/15/2046,,71.890625,71.843750,71.906250
912810RS9,MARKET BASED BOND,0.025,05/15/2046,,71.703125,71.625000,71.718750
912810RT7,MARKET BASED BOND,0.0225,08/15/2046,,68.015625,67.937500,68.031250
912810RU4,MARKET BASED BOND,0.02875,11/15/2046,,76.625000,76.562500,76.656250
912810RV2,MARKET BASED BOND,0.03,02/15/2047,,78.250000,78.187500,78.281250
912810RX8,MARKET BASED BOND,0.03,05/15/2047,,78.125000,78.062500,78.187500
912810RY6,MARKET BASED BOND,0.0275,08/15/2047,,74.437500,74.375000,74.468750
912810RZ3,MARKET BASED BOND,0.0275,11/15/2047,,74.296875,74.218750,74.343750
912810SA7,MARKET BASED BOND,0.03,02/15/2048,,77.796875,77.750000,77.843750
912810SC3,MARKET BASED BOND,0.03125,05/15/2048,,79.546875,79.500000,79.593750
912810SD1,MARKET BASED BOND,0.03,08/15/2048,,77.640625,77.593750,77.687500
912810SE9,MARKET BASED BOND,0.03375,11/15/2048,,83.109375,83.062500,83.187500
912810SF6,MARKET BASED BOND,0.03,02/15/2049,,77.515625,77.468750,77.593750
912810SH2,MARKET BASED BOND,0.02875,05/15/2049,,75.656250,75.625000,75.750000
912810SJ8,MARKET BASED BOND,0.0225,08/15/2049,,66.281250,66.250000,66.343750
912810SK5,MARKET BASED BOND,0.02375,11/15/2049,,68.078125,68.031250,68.125000
912810SL3,MARKET BASED BOND,0.02,02/15/2050,,62.296875,62.250000,62.343750
912810SN9,MARKET BASED BOND,0.0125,05/15/2050,,50.828125,50.781250,50.843750
912810SP4,MARKET BASED BOND,0.01375,08/15/2050,,52.515625,52.468750,52.531250
912810SS8,MARKET BASED BOND,0.01625,11/15/2050,,56.171875,56.125000,56.218750
912810SU3,MARKET BASED BOND,0.01875,02/15/2051,,59.890625,59.843750,59.937500
912810SX7,MARKET BASED BOND,0.02375,05/15/2051,,67.546875,67.500000,67.593750
912810SZ2,MARKET BASED BOND,0.02,08/15/2051,,61.640625,61.593750,61.718750
912810TB4,MARKET BASED BOND,0.01875,11/15/2051,,59.640625,59.593750,59.687500
912810TD0,MARKET BASED BOND,0.0225,02/15/2052,,65.468750,65.437500,65.531250
912810TG3,MARKET BASED BOND,0.02875,05/15/2052,,75.343750,75.312500,75.406250
912810TJ7,MARKET BASED BOND,0.03,08/15/2052,,77.343750,77.312500,77.406250
912810TL2,MARKET BASED BOND,0.04,11/15/2052,,93.656250,93.625000,93.781250
912810TN8,MARKET BASED BOND,0.03625,02/15/2053,,87.437500,87.406250,87.593750
912810TR9,MARKET BASED BOND,0.03625,05/15/2053,,87.500000,87.468750,87.656250
912810TT5,MARKET BASED BOND,0.04125,08/15/2053,,95.750000,95.718750,95.906250
912810TV0,MARKET BASED BOND,0.0475,11/15/2053,,106.375000,106.343750,106.531250
912810TX6,MARKET BASED BOND,0.0425,02/15/2054,,98.078125,98.062500,98.218750
9128286N5,TIPS,0.005,04/15/2024,,0.000000,100.187500,100.187500
912828WU0,TIPS,0.00125,07/15/2024,,0.000000,100.031250,100.031250
912828YL8,TIPS,0.00125,10/15/2024,,99.312500,99.281250,99.250000
912828H45,TIPS,0.0025,01/15/2025,,98.343750,98.312500,98.281250
912810FR4,TIPS,0.02375,01/15/2025,,100.140625,100.093750,100.093750
912828ZJ2,TIPS,0.00125,04/15/2025,,97.640625,97.593750,97.562500
912828XL9,TIPS,0.00375,07/15/2025,,97.968750,97.937500,97.906250
91282CAQ4,TIPS,0.00125,10/15/2025,,97.187500,97.156250,97.125000
912828N71,TIPS,0.00625,01/15/2026,,97.375000,97.343750,97.281250
912810FS2,TIPS,0.02,01/15/2026,,99.859375,99.812500,99.812500
91282CCA7,TIPS,0.00125,04/15/2026,,95.984375,95.968750,95.937500
912828S50,TIPS,0.00125,07/15/2026,,96.031250,96.000000,95.968750
91282CDC2,TIPS,0.00125,10/15/2026,,95.593750,95.562500,95.562500
912828V49,TIPS,0.00375,01/15/2027,,95.593750,95.562500,95.531250
912810PS1,TIPS,0.02375,01/15/2027,,101.125000,101.093750,101.062500
91282CEJ6,TIPS,0.00125,04/15/2027,,94.437500,94.406250,94.375000
9128282L3,TIPS,0.00375,07/15/2027,,95.359375,95.312500,95.281250
91282CFR7,TIPS,0.01625,10/15/2027,,99.328125,99.312500,99.281250
9128283R9,TIPS,0.005,01/15/2028,,94.828125,94.781250,94.781250
912810PV4,TIPS,0.0175,01/15/2028,,99.453125,99.406250,99.406250
912810FD5,TIPS,0.03625,04/15/2028,,106.703125,106.625000,106.625000
91282CGW5,TIPS,0.0125,04/15/2028,,97.375000,97.343750,97.343750
912828Y38,TIPS,0.0075,07/15/2028,,95.734375,95.687500,95.687500
91282CJH5,TIPS,0.02375,10/15/2028,,102.609375,102.593750,102.593750
9128285W6,TIPS,0.00875,01/15/2029,,95.515625,95.468750,95.468750
912810PZ5,TIPS,0.025,01/15/2029,,103.078125,103.031250,103.000000
912810FH6,TIPS,0.03875,04/15/2029,,109.734375,109.656250,109.687500
9128287D6,TIPS,0.0025,07/15/2029,,92.281250,92.250000,92.250000
912828Z37,TIPS,0.00125,01/15/2030,,90.500000,90.468750,90.468750
912828ZZ6,TIPS,0.00125,07/15/2030,,90.078125,90.031250,90.031250
91282CBF7,TIPS,0.00125,01/15/2031,,88.906250,88.875000,88.906250
91282CCM1,TIPS,0.00125,07/15/2031,,88.468750,88.437500,88.468750
91282CDX6,TIPS,0.00125,01/15/2032,,87.343750,87.312500,87.343750
912810FQ6,TIPS,0.03375,04/15/2032,,110.937500,110.843750,110.875000
91282CEZ0,TIPS,0.00625,07/15/2032,,90.687500,90.656250,90.687500
91282CGK1,TIPS,0.01125,01/15/2033,,93.843750,93.812500,93.843750
91282CHP9,TIPS,0.01375,07/15/2033,,96.015625,96.000000,96.062500
91282CJY8,TIPS,0.0175,01/15/2034,,98.796875,98.781250,98.843750
912810QF8,TIPS,0.02125,02/15/2040,,101.609375,101.468750,101.656250
912810QP6,TIPS,0.02125,02/15/2041,,101.640625,101.468750,101.718750
912810QV3,TIPS,0.0075,02/15/2042,,80.093750,79.937500,80.156250
912810RA8,TIPS,0.00625,02/15/2043,,76.953125,76.812500,77.000000
912810RF7,TIPS,0.01375,02/15/2044,,87.890625,87.750000,88.000000
912810RL4,TIPS,0.0075,02/15/2045,,76.859375,76.718750,76.968750
912810RR1,TIPS,0.01,02/15/2046,,80.234375,80.093750,80.375000
912810RW0,TIPS,0.00875,02/15/2047,,77.390625,77.250000,77.531250
912810SB5,TIPS,0.01,02/15/2048,,78.968750,78.843750,79.125000
912810SG4,TIPS,0.01,02/15/2049,,78.671875,78.531250,78.843750
912810SM1,TIPS,0.0025,02/15/2050,,63.250000,63.125000,63.406250
912810SV1,TIPS,0.00125,02/15/2051,,60.046875,59.937500,60.218750
912810TE8,TIPS,0.00125,02/15/2052,,59.140625,59.031250,59.343750
912810TP3,TIPS,0.015,02/15/2053,,87.578125,87.500000,87.906250
912810TY4,TIPS,0.02125,02/15/2054,,101.312500,101.250000,101.687500
91282CEL1,MARKET BASED FRN,0.05338256766,04/30/2024,,0.000000,99.973522,99.976234
91282CFD8,MARKET BASED FRN,0.054521233919999995,07/31/2024,,99.988538,99.976388,99.979425
91282CFS5,MARKET BASED FRN,0.05556840018,10/31/2024,,100.047799,100.031502,100.036390
91282CGF2,MARKET BASED FRN,0.0561784014,01/31/2025,,100.085045,100.055951,100.078326
91282CGY1,MARKET BASED FRN,0.05586323514,04/30/2025,,100.036743,100.014206,100.033922
91282CHS3,MARKET BASED FRN,0.05541590262,07/31/2025,,99.959919,99.930964,99.947992
91282CJD4,MARKET BASED FRN,0.05587340262,10/31/2025,,100.009591,99.975673,99.987640
91282CJU6,MARKET BASED FRN,0.0566359014,01/31/2026,,100.109595,100.100461,100.100461
